USE Annunci; 

INSERT INTO Regione VALUES ('Abruzzo');
INSERT INTO universita VALUES('UNIAQ','Abruzzo');
INSERT INTO universita VALUES('UNITE','Abruzzo');
INSERT INTO Regione VALUES ('Basilicata');
INSERT INTO universita VALUES('UNIPO','Basilicata');
INSERT INTO Regione VALUES ('Calabria');
INSERT INTO universita VALUES('UNICZ','Calabria');
INSERT INTO universita VALUES('UNIRG','Calabria');
INSERT INTO Regione VALUES ('Campania');
INSERT INTO universita VALUES('UNINA','Campania');
INSERT INTO universita VALUES('UNISA','Campania');
INSERT INTO Regione VALUES ('Emilia-Romagna');
INSERT INTO universita VALUES('UNIBO','Emilia-Romagna');
INSERT INTO universita VALUES('UNIFE','Emilia-Romagna');
INSERT INTO Regione VALUES ('Friuli-Venezia Giulia');
INSERT INTO universita VALUES('UNIUD','Friuli-Venezia Giulia');
INSERT INTO universita VALUES('UNITR','Friuli-Venezia Giulia');
INSERT INTO Regione VALUES ('Lazio');
INSERT INTO universita VALUES('UNIRO','Lazio');
INSERT INTO universita VALUES('UNIVB','Lazio');
INSERT INTO Regione VALUES ('Liguria');
INSERT INTO universita VALUES('UNIGE','Liguria');
INSERT INTO Regione VALUES ('Lombardia');
INSERT INTO universita VALUES('UNIBG','Lombardia');
INSERT INTO universita VALUES('UNIBR','Lombardia');
INSERT INTO universita VALUES('UNIMI','Lombardia');
INSERT INTO universita VALUES('UNIPV','Lombardia');
INSERT INTO Regione VALUES ('Marche');
INSERT INTO universita VALUES('UNIAN','Marche');
INSERT INTO universita VALUES('UNIUB','Marche');
INSERT INTO Regione VALUES ('Molise');
INSERT INTO universita VALUES('UNICB','Molise');
INSERT INTO Regione VALUES ('Piemonte');
INSERT INTO universita VALUES('UNITO','Piemonte');
INSERT INTO universita VALUES('UNIVR','Piemonte');
INSERT INTO Regione VALUES ('Puglia');
INSERT INTO universita VALUES('UNIBA','Puglia');
INSERT INTO universita VALUES('UNIFO','Puglia');
INSERT INTO Regione VALUES ('Sardegna');
INSERT INTO universita VALUES('UNICA','Sardegna');
INSERT INTO universita VALUES('UNISS','Sardegna');
INSERT INTO Regione VALUES ('Sicilia');
INSERT INTO universita VALUES('UNICT','Sicilia');
INSERT INTO universita VALUES('UNIME','Sicilia');
INSERT INTO universita VALUES('UNIPA','Sicilia');
INSERT INTO Regione VALUES ('Toscana');
INSERT INTO universita VALUES('UNIFI','Toscana');
INSERT INTO universita VALUES('UNIPI','Toscana');
INSERT INTO universita VALUES('UNILV','Toscana');
INSERT INTO universita VALUES('UNISI','Toscana');
INSERT INTO Regione VALUES ('Trentino-Alto Adige');
INSERT INTO universita VALUES('UNITN','Trentino-Alto Adige');
INSERT INTO Regione VALUES ('Umbria');
INSERT INTO universita VALUES('UNIPE','Umbria');
INSERT INTO Regione VALUES ('Valle di Aosta');
INSERT INTO universita VALUES('UNIAO','Valle di Aosta');
INSERT INTO Regione VALUES ('Veneto') ;
INSERT INTO universita VALUES('UNIPD','Veneto');
INSERT INTO universita VALUES('UNIVE','Veneto');

INSERT INTO Utente VALUES ( 'l.carpentieri@studenti.unisa.it','password','Lorenzo','Carpentieri','Via Corradino Screiber,11','AMMINISTRATORE');
INSERT INTO Utente VALUES ( 'c.barletta@studenti.unimi.it','password','Cristian','Barletta','Via Trinità, 7','AMMINISTRATORE');
INSERT INTO Utente VALUES ( 'v.ventura@studenti.unisa.it','password','Vittorio','Ventura','Via Giacomo Leopardi, 23','AMMINISTRATORE');
INSERT INTO Utente VALUES ( 'francesco.g8@libero.it','password','Francesco','Galdieri','Via Statale, 4','UTENTE');
INSERT INTO Utente VALUES ( 'giovanni1998@hotmail.it','password','Giovanni','De Giorgio','Via Filetta, 11','UTENTE');
INSERT INTO Utente VALUES ( 'alessiabarletta21@gmail.com','password','Alessia','Barletta','Via Pozzo, 16','UTENTE');
INSERT INTO Utente VALUES ( 'roberto1998@hotmail.it','password','Roberto','Bruno','Via Montagna, 30','UTENTE');
INSERT INTO Utente VALUES ( 'marco1998@hotmail.it','password','Marco','Antonio','Via dei Gigli, 69','UTENTE');
INSERT INTO Utente VALUES ( 'teresa1999@hotmail.it','password','Teresa','Edera','Via Ugo Foscolo, 11','UTENTE');
INSERT INTO Utente VALUES ( 'peppe1997@hotmail.it','password','Giuseppe','Facenda','Via Cristoforo Colombo, 17','UTENTE');
INSERT INTO Utente VALUES ( 'simonecristiano@live.it','password','Simone','Cristiano','Via Valle, 13','CORRIERE');
INSERT INTO Utente VALUES ( 'simona@live.it','password','Simona','Papa','Via Sole, 22','UTENTE');
INSERT INTO Utente VALUES ( 'giovanna@hotmail.it','password','Giovanna','De Vivo','Via Monticelli, 27','UTENTE');
INSERT INTO Utente VALUES ( 'anna17@hotmail.it','password','Anna','Iannone','Via Starza, 19','UTENTE');
INSERT INTO Utente VALUES ( 'ugoronga@gmail.com','password','Ugo','Ronga','Via Caterina, 32','UTENTE');
INSERT INTO Utente VALUES ( 'amalia@libero.it','password','Amalia','Gioia','Via Diaz, 46','UTENTE');
INSERT INTO Utente VALUES ( 'serena00@hotmail.it','password','Serena','Fariello','Via Umberto, 55','UTENTE');
INSERT INTO Utente VALUES ( 'marika.ap@gmail.it','password','Marika',' Giorgio','Via Starza,32','UTENTE');
INSERT INTO Utente VALUES ( 'abate.gian.19@hotmail.it','password','Gianluca','Abate','Via Del Pozzo, 48','UTENTE');
INSERT INTO Utente VALUES ( 'rocco.22@hotmail.it','password','Rocco','Napoli','Via Sette, 4','UTENTE');
INSERT INTO Utente VALUES ( 'gianni_cerchia@hotmail.it','password','Giovanni','Cerchia','Via Dalle Scatole, 1','UTENTE');
INSERT INTO Utente VALUES ( 'cicciopanza@hotmail.it','password','Francesco','Cerqueti','Via Ventimiglia, 34','UTENTE');
INSERT INTO Utente VALUES ( 'armandogallo@studenti.com','password','Armando','Gallo','Via Vinciprova, 9','UTENTE');
INSERT INTO Utente VALUES ( 'mrisi@professore.edu','password','Michele','Risi','Via del Maestro, 1','UTENTE');
INSERT INTO Utente VALUES ( 'eljohn24@libero.com','password','Elton','John','Via Della Musica, 7','UTENTE');
INSERT INTO Corriere VALUES ( 'UPS','simonecristiano@live.it','password','CORRIERE');
INSERT INTO Corriere VALUES ( 'GLS','alessiabarletta21@gmail.com','password','CORRIERE');
INSERT INTO Corriere VALUES ( 'DHL','simona@live.it','password','CORRIERE');
INSERT INTO Corriere VALUES ( 'SDA','marika.ap@gmail.it','password','CORRIERE');
INSERT INTO Corriere VALUES ( 'Poste Italiane','rocco.22@hotmail.it','password','CORRIERE');

INSERT INTO categoria VALUES('Libri');
INSERT INTO categoria VALUES('Appunti');
INSERT INTO categoria VALUES('Car Sharing');
INSERT INTO categoria VALUES('Offerte di Lavoro');
INSERT INTO categoria VALUES('Ripetizioni');
INSERT INTO categoria VALUES('Affitti');

INSERT INTO annuncio VALUES('l.carpentieri@studenti.unisa.it', 'Ripetizioni','0','UNISA','Ripetizioni per TSW','offerta','Offro ripetizioni per l\'esame di Tecnologie e Progettazione Web previsto per il giorno 22 Luglio. Prezzo da concordare. Sono preparato e molto disponibile','0');
INSERT INTO annuncio VALUES('l.carpentieri@studenti.unisa.it', 'Libri','0','UNISA','Cerco libro di Programmazione Avanzata Java','cercasi','Cerco il libro di Programmazione Avanzata "Programmazione di base e avanzata con Java" di Walter Savitch. Anche usato','0');
INSERT INTO annuncio VALUES('l.carpentieri@studenti.unisa.it', 'Appunti','0','UNISA','Offro appunti di Algoritmi','offerta','Contattatemi per ricevere appunti relativi ai blocchi per il corso di Progettazione di Algoritmi. Gratis.','0');
INSERT INTO annuncio VALUES('l.carpentieri@studenti.unisa.it', 'Car Sharing','0','UNISA','Passaggio da Cava','cercasi','Cerco passaggio da Cava ad Unisa ogni mattina alle 08:00, per tutta la settimana. Disposto a condividere spese per il carburante.','0');
INSERT INTO annuncio VALUES('l.carpentieri@studenti.unisa.it', 'Affitti','0','UNISA','Affitto monolocale in Piazza Cavour','cercasi','Dotato di cucina e bagno, piccolo ma accogliente. Prezzo 300 al mese, non trattabile. La zona è molto rinomata','0');
INSERT INTO annuncio VALUES('c.barletta@studenti.unimi.it', 'Ripetizioni','0','UNIMI','Ripetizioni per MMI','offerta','Offro ripetizioni per l\'esame di Metodi Matematici per Informatica previsto per il giorno 17 Luglio. Prezzo da concordare. Sono preparato, severo e molto formale','0');
INSERT INTO annuncio VALUES('c.barletta@studenti.unimi.it', 'Car Sharing','0','UNIMI','Passaggio da Melegnano','offerta','Offro passaggio da Melegnano ad Unimi, ogni mattina alle 09:00 e ogni pomeriggio alle 17:00. Chiedo in cambio la condivisione di pedaggio autostradale e prezzo del carburante. No ragazze','0');
INSERT INTO annuncio VALUES('c.barletta@studenti.unimi.it', 'Offerte di Lavoro','0','UNIMI','Cerco lavoro part-time','cercasi','Ragazzo diplomato ed educato cerca lavoro serale per pagare le spese universitarie','0');
INSERT INTO annuncio VALUES('c.barletta@studenti.unimi.it', 'Libri','0','UNIMI','Vendo libro di TSW','vendita','Vendo libro "Tecnologia e Progettazione per il mondo digitale e per il Web 2" di Marcello Missiroli. Prezzo scontato del 50%, trattabile. Contattatemi pure. Disponibile a spedizioni in Italia','1');
INSERT INTO annuncio VALUES('c.barletta@studenti.unimi.it', 'Affitti','0','UNIMI','Cerco appartamento a Milano','cercasi','Cerco appartamento nei dintorni di UNIMI. Budget massimo di 200 euro, ma non sono schizzinoso','0');
INSERT INTO annuncio VALUES('v.ventura@studenti.unisa.it', 'Affitti','0','UNIVE','Cerco appartamento a Milano','cercasi','Cerco appartamento zona centrale, budget non è un problema, purché sia pulito','0');
INSERT INTO annuncio VALUES('v.ventura@studenti.unisa.it', 'Ripetizioni','0','UNIVE','Ripetizioni per SO','cercasi','Cerco ripetizioni per l\'esame di Sistemi Operativi previsto per il giorno 19 Luglio. Solo gente seria, grazie','0');
INSERT INTO annuncio VALUES('v.ventura@studenti.unisa.it', 'Libri','0','UNIVE','Cerco libro di spagnolo','cercasi','Cerco un libro facile per imparare le basi della lingua spagnola prima di partire per l\'erasmus.','0');
INSERT INTO annuncio VALUES('v.ventura@studenti.unisa.it', 'Appunti','0','UNIVE','Cerco appunti di Sistemi Operativi','cercasi','Cerco appunti del prof Cattaneo, puliti ed ordinati. Pago lautamente.','0');
INSERT INTO annuncio VALUES('v.ventura@studenti.unisa.it', 'Offerte di Lavoro','0','UNIVE','Offro lavoro in palestra','offerta','Offro lavoro come istruttore di body building. Per info contattare, se interessati','0');
INSERT INTO annuncio VALUES('teresa1999@hotmail.it', 'Ripetizioni','0','UNISA','Ripetizioni per PA','cercasi','Cerco ripetizioni per l\'esame di Progettazione di Algoritmi previsto per il giorno 15 Luglio. Ovviamente sono disposta a pagare.','0');
INSERT INTO annuncio VALUES('roberto1998@hotmail.it', 'Libri','0','UNISA','Vendo libro di MD','vendita','Vendo a buon prezzo il libro di Matematica Discreta per gli esercizi. Disponibile a consegna con corrieri convenzionati.','0');
INSERT INTO annuncio VALUES ('francesco.g8@libero.it','Libri','0','UNIAO','Vendo libro di PSD','vendita','Vendo libro Programmazione e Strutture Dati "Algoritmi e strutture dati" di McGraw-Will, in ottime condizioni. Prezzo €14','1');
INSERT INTO annuncio VALUES ('francesco.g8@libero.it','Appunti','0','UNIAO','Vendo appunti di ARCH','vendita','Offro appunti di Architettura degli Elaboratori. Prezzo ragionevole, fatti benissimo','1');
INSERT INTO annuncio VALUES ('francesco.g8@libero.it','Affitti','0','UNIAO','Cerco appartamento a Aosta','cercasi','Cerco appartamento nei pressi di UNIAO, almeno 100 metri quadri e vicino a mezzi pubblici','0');
INSERT INTO annuncio VALUES ('francesco.g8@libero.it','Offerte di Lavoro','0','UNIAO','Offro lavoro come barista','offerta','Offro lavoro come Barista ad Aosta nei weekend. Per info, contattatemi pure.','0');
INSERT INTO annuncio VALUES ('francesco.g8@libero.it','Libri','0','UNIAO','Cerco libro di Analisi 1','cercasi','Cerco libro Analisi 1 "Analisi Matematica". Possibilmente in buone condizioni (e magari con esercizi fatti).','0');
INSERT INTO annuncio VALUES ('giovanni1998@hotmail.it','Ripetizioni','0','UNIPE','Cerco ripetizioni di Prog 1','cercasi','Cerco ripetizioni di Programmazione 1 per l\'esame del 9 settembre. Disponibile a qualsiasi ora. Prezzo non eccessivamente alto','0');
INSERT INTO annuncio VALUES ('giovanni1998@hotmail.it','Appunti','0','UNIPE','Vendo appunti di DIP','vendita','Offro appunti di Diritto privato, completi di qualsiasi dettaglio. 50 euro non trattabili.','1');
INSERT INTO annuncio VALUES ('giovanni1998@hotmail.it','Offerte di Lavoro','0','UNIPE','Cerco lavoro a Perugia','cercasi','Cerco lavoro nei pressi di UNIPE. So fare qualsiasi cosa, a patto che venga pagata bene. Astenersi testimoni di Geova','0');
INSERT INTO annuncio VALUES ('giovanni1998@hotmail.it','Car Sharing','0','UNIPE','Cerco passaggio da Assisi a Perugia','cercasi','Cerco passaggio da Assisi a Unipe. Meglio se gratis.','0');
INSERT INTO annuncio VALUES ('giovanni1998@hotmail.it','Libri','0','UNIPE','Vendo libro di MD','vendita','Vendo libro Matematica Discreta di Giovanni Vincenzi. Esiste un pdf, ma il cartaceo è meglio','1');
INSERT INTO annuncio VALUES ('roberto1998@hotmail.it','Appunti','0','UNITR','Cerco appunti di COC','cercasi','Cerco appunti di Centro Ontologico Cangiante per il 12 dicembre. Possibilmente scritti a computer','0');
INSERT INTO annuncio VALUES ('roberto1998@hotmail.it','Offerte di Lavoro','0','UNITR','Offro lavoro come Cameriere','offerta','Offro lavoro come cameriere a Trieste, con esperienza nel settore. Lauti compensi, ristorante a 5 stelle.','0');
INSERT INTO annuncio VALUES ('roberto1998@hotmail.it','Offerte di Lavoro','0','UNITR','Cerco lavoro a Trieste','cercasi','Cerco lavoro nei pressi di UNITR. Già, troppa concorrenza in gira, non si trova più lavoro. Come risolvere? Semplice, guarda il mio altro annuncio!','0');
INSERT INTO annuncio VALUES ('roberto1998@hotmail.it','Libri','0','UNITR','Vendo libro di RC','vendita','Vendo libro Reti di calcolatori "TOP-DOWN". Non è servito a nulla, bastava copiare durante l\'esame :)','1');
INSERT INTO annuncio VALUES ('roberto1998@hotmail.it','Offerte di Lavoro','0','UNITR','Offro lavoro come chef','offerta','Offro lavoro come chef a Trieste, con esperienza nel settore. Lauti compensi, ristorante a 5 stelle.','0');
INSERT INTO annuncio VALUES ('marco1998@hotmail.it','Car Sharing','0','UNIFI','Offro passaggio da Lucca a Firenze','offerta','Offro passaggio da Lucca a UNIFI. Ho una bellissima Maserati, sono ricco e quindi è tutto free','0');
INSERT INTO annuncio VALUES ('marco1998@hotmail.it','Car Sharing','0','UNIFI','Cerco passaggio da Lucca a Firenze','cercasi','Cerco passaggio da Lucca a Firenze. Purtroppo mi sono schiantato con la Maserati contro un albero.','0');
INSERT INTO annuncio VALUES ('marco1998@hotmail.it','Libri','0','UNIFI','Vendo libro di CPSM','vendita','Vendo libro Calcolo delle Probabilità di Antonio De Crescenzo. Sono meglio i suoi appunti, decisamente. Prezzo di listino, mai usato','1');
INSERT INTO annuncio VALUES ('marco1998@hotmail.it','Affitti','0','UNIFI','Offro appartamento a Firenze','offerta','Offro appartamento a UNIFI. Ha 4 bagni e 15 camere da letto, destinato ai figli di papà come me','0');
INSERT INTO annuncio VALUES ('marco1998@hotmail.it','Appunti','0','UNIFI','Vendo appunti di INGA','vendita','Offro appunti di Ingegneria Aereospaziale. Sono di mio padre, che è stato su Marte, quindi dovrebbero essere validi. Prezzo 8000 euro','1');
INSERT INTO annuncio VALUES ('teresa1999@hotmail.it','Ripetizioni','0','UNIPA','Offro ripetizioni di TSW','offerta','Offro ripetizioni di Tecnologie e Software per il Web. Aiuto volentieri nello sviluppo dei progetti','0');
INSERT INTO annuncio VALUES ('teresa1999@hotmail.it','Car Sharing','0','UNIPA','Offro passaggio da Catania a Palermo','offerta','Offro passaggio da Catania a UNIPA, tutte le mattine prima che il leone e la gazzella si sveglino. Se non venite, ditemelo prima','0');
INSERT INTO annuncio VALUES ('teresa1999@hotmail.it','Appunti','0','UNIPA','Vendo appunti di TSW','vendita','Offro appunti di TSW. Sono le slides del professore tradotte in italiano. Contattatemi se interessati','1');
INSERT INTO annuncio VALUES ('teresa1999@hotmail.it','Libri','0','UNIPA','Cerco libro di Harry Potter','cercasi','Cerco libro Harry Potter, per passare gli esami con meno ansia possibile. Mi manca il quarto','0');
INSERT INTO annuncio VALUES ('peppe1997@hotmail.it','Libri','0','UNICA','Cerco libro di POO','cercasi','Cerco libro Programmazione Orientata agli Oggetti "Programmazione Java Avanzata", anche usato.','0');
INSERT INTO annuncio VALUES ('peppe1997@hotmail.it','Offerte di Lavoro','0','UNICA','Cerco lavoro a Cagliari','cercasi','Cerco lavoro nei pressi di UNICA, possibilmente concentrato nei weekend.','0');
INSERT INTO annuncio VALUES ('peppe1997@hotmail.it','Ripetizioni','0','UNICA','Offro ripetizioni di FIS','offerta','Offro ripetizioni di Fisica per l\'esame con la professoressa Bordoni. Pagamento orario, tariffe abBORDONabili :)','0');
INSERT INTO annuncio VALUES ('peppe1997@hotmail.it','Car Sharing','0','UNICA','Offro passaggio da Oristano (periferia) a Cagliari','offerta','Offro passaggio da UNICA, al fine di risparmiare sulle spese di viaggio. Annuncio rivolto a più persone, ho una Multipla.','0');
INSERT INTO annuncio VALUES ('peppe1997@hotmail.it','Appunti','0','UNICA','Vendo appunti di FIS2','vendita','Offro appunti di Fisica 2. Interamente scritti a computer, contattatemi solo se interessati per pattuire il prezzo.','1');
INSERT INTO annuncio VALUES ('giovanna@hotmail.it','Offerte di Lavoro','0','UNIBA','Offro lavoro come consulente finanziario','offerta','Offro lavoro come consulente finanziario a Bari. Esperienza nel settore richiesta, assumo solo laureati.','0');
INSERT INTO annuncio VALUES ('giovanna@hotmail.it','Car Sharing','0','UNIBA','Cerco passaggio da Trani a Bari','cercasi','Cerco passaggio da Trani a UNIBA, tutte le mattine alle 10:00. Mi offro di pagare interamente le spese di viaggio','0');
INSERT INTO annuncio VALUES ('giovanna@hotmail.it','Offerte di Lavoro','0','UNIBA','Offro lavoro come bagnino','offerta','Offro lavoro come bagnino presso la piscina comunale di Bari. Richiesto brevetto di nuovo a113.','0');
INSERT INTO annuncio VALUES ('giovanna@hotmail.it','Ripetizioni','0','UNIBA','Offro ripetizioni di ECAZ','offerta','Offro ripetizioni di Economia Aziendale. Media del 29, persona seria e disponibile','0');
INSERT INTO annuncio VALUES ('giovanna@hotmail.it','Libri','0','UNIBA','Vendo libro di ECAZ2','vendita','Vendo libro Economia Aziendale 2 del professor Maurisi Carlo, possibilmente usato e scontato del 50%.','1');
INSERT INTO annuncio VALUES ('anna17@hotmail.it','Libri','0','UNITO','Vendo libro di INGE','vendita','Vendo libro Ingegneria Elettronica di Alessandro Emiliano, seconda edizione, con CD annesso. Astenersi perditempo','1');
INSERT INTO annuncio VALUES ('anna17@hotmail.it','Car Sharing','0','UNITO','Cerco passaggio da Aosta a Torino','cercasi','Cerco passaggio da Aosta a UNITO, tutte le mattine tranne il giovedì, e tutti i pomeriggi per il ritorno. Dividiamo le spese','0');
INSERT INTO annuncio VALUES ('anna17@hotmail.it','Ripetizioni','0','UNITO','Cerco ripetizioni di INGE','cercasi','Cerco ripetizioni di Ingegneria Elettronica per l\'esame del 18 settembre, in quanto il libro si è rivelato essere inutile. Solo gente preparata, magari nei dintorni di Aosta','0');
INSERT INTO annuncio VALUES ('anna17@hotmail.it','Libri','0','UNITO','Vendo libro di INGE2','vendita','Vendo libro Ingegneria Elettronica 2 di Alessandro Emiliano, seconda edizione, con CD annesso. Astenersi perditempo.','1');
INSERT INTO annuncio VALUES ('anna17@hotmail.it','Offerte di Lavoro','0','UNITO','Offro lavoro come animatore','offerta','Offro lavoro come animatore estivo in villaggi turistici nei pressi di Torino. Corso gratuito di animazione ','0');
INSERT INTO annuncio VALUES ('ugoronga@gmail.com','Affitti','0','UNICB','Cerco appartamento a Campobasso','cercasi','Cerco appartamento nei pressi di UNICB. Mi basta una stanza con letto e scrivania. Va bene bagno in comune, ma deve essere vicinissimo all\'UNICB','0');
INSERT INTO annuncio VALUES ('ugoronga@gmail.com','Appunti','0','UNICB','Cerco appunti di NDU','cercasi','Cerco appunti di Nautica Diodocea Uncinante, per un esame previsto fra 5 giorni. Devono contenere anche gli argomenti da 9 CFU','0');
INSERT INTO annuncio VALUES ('amalia@libero.it','Libri','0','UNIUB','Vendo libro di LING','vendita','Vendo libro Letteratura Inglese del secondo Ottocento, in buone condizioni, Quinta edizione, prezzo scontato del 33% non trattabile.','1');
INSERT INTO annuncio VALUES ('amalia@libero.it','Ripetizioni','0','UNIUB','Cerco ripetizioni di LSPA','cercasi','Cerco ripetizioni di LSPA, avendo poco tempo per preparare l\' esame con calma.','0');
INSERT INTO annuncio VALUES ('serena00@hotmail.it','Affitti','0','UNIGE','Cerco appartamento a Genova','cercasi','Cerco appartamento nei pressi di UNIGE. L\'unica cosa importante è che sia pulito e abbia il bagno privato.','0');
INSERT INTO annuncio VALUES ('serena00@hotmail.it','Car Sharing','0','UNIGE','Cerco passaggio da Busto Arsizio a Genova','cercasi','Cerco passaggio da Busto Arsizio a Genova solo il venerdì alle 19:00. prego contattatemi','0');
INSERT INTO annuncio VALUES ('abate.gian.19@hotmail.it','Appunti','0','UNIRO','Vendo appunti di MD 2','vendita','Offro appunti di Matematica Discreta 2, tenuto in ottime condizioni, senza un graffio. Edizione da collezione, prezzo non alla portata di tutti','1');
INSERT INTO annuncio VALUES ('abate.gian.19@hotmail.it','Car Sharing','0','UNIRO','Cerco passaggio da Formello a Roma','cercasi','Cerco passaggio da Formello (Roma Nord) a UNIRO. Tutte le mattine e al ritorno verso l\'ora di pranzo. Disposto a condividere spese di viaggio.','0');
INSERT INTO annuncio VALUES ('gianni_cerchia@hotmail.it','Car Sharing','0','UNIUD','Cerco passaggio da Monte San Giovanni a Udine','cercasi','Cerco passaggio da Monte San Giovanni a UNIUD, in orari sparsi (dovremmo metterci d\'accordo, se segui Biologia sarebbe perfetto). Contattatemi','0');
INSERT INTO annuncio VALUES ('gianni_cerchia@hotmail.it','Affitti','0','UNIUD','Offro appartamento a Monte San Giovanni','offerta','Offro appartamento a UNIUD. Meglio se auto-munita, si accettano solo donne (dovremmo vivere insieme). Contattemi per chiarimenti.','0');
INSERT INTO annuncio VALUES ('cicciopanza@hotmail.it','Offerte di Lavoro','0','UNIBO','Cerco lavoro a Bologna','cercasi','Cerco lavoro nei pressi di UNIBO. Va bene qualsiasi cosa, a patto che si lavori solo il pomeriggio e magari la sera.','0');
INSERT INTO annuncio VALUES ('mrisi@professore.edu','Ripetizioni','0','UNICZ','Offro ripetizioni di CM','offerta','Offro ripetizioni di Chimica Magnetica. Laureato a pieni voti, disponibile nei weekend','0');
INSERT INTO annuncio VALUES ('mrisi@professore.edu','Affitti','0','UNICZ','Offro appartamento a Catanzaro','offerta','Offro appartamento a UNICZ. L\'appartamento è dotato di due stanze (cucina e stanza da letto) e di un comodo bagno.','0');
INSERT INTO annuncio VALUES ('armandogallo@studenti.com','Car Sharing','0','UNIAQ','Cerco passaggio da L\'Aquila Sud a L\'Aquila Nord','cercasi','Cerco passaggio da L\'Aquila Sud a UNIAQ. COntattatemi per orari','0');
INSERT INTO annuncio VALUES ('armandogallo@studenti.com','Libri','0','UNIAQ','Cerco libro di FRC','cercasi','Cerco libro Francese "Francese Avanzato" con codice 2611645616456159','0');
INSERT INTO annuncio VALUES ('eljohn24@libero.com','Libri','0','UNIPO','Vendo libro di LOR','vendita','Vendo libro Letteratura Orientale, di Haruki Murakami. Prezzo da pattuire ','1');
INSERT INTO annuncio VALUES ('eljohn24@libero.com','Appunti','0','UNIPO','Vendo appunti di LOR','vendita','Offro appunti di Letteratura Orientale, seguito col professore Tasui Matsuda. Prezzo da concordare','1');

INSERT INTO desidera VALUES ('teresa1999@hotmail.it','Ripetizioni per PA','l.carpentieri@studenti.unisa.it');
INSERT INTO desidera VALUES ('anna17@hotmail.it','Vendo libro di INGE2','l.carpentieri@studenti.unisa.it');
INSERT INTO desidera VALUES ('amalia@libero.it','Vendo libro di LING','l.carpentieri@studenti.unisa.it');
INSERT INTO desidera VALUES ('anna17@hotmail.it','Cerco ripetizioni di INGE','l.carpentieri@studenti.unisa.it');
INSERT INTO desidera VALUES ('giovanni1998@hotmail.it','Cerco ripetizioni di Prog 1','c.barletta@studenti.unimi.it'); 
INSERT INTO desidera VALUES ('eljohn24@libero.com','Vendo libro di LOR','c.barletta@studenti.unimi.it');
INSERT INTO desidera VALUES ('giovanni1998@hotmail.it','Cerco ripetizioni di Prog 1','v.ventura@studenti.unisa.it');
INSERT INTO desidera VALUES ('anna17@hotmail.it','Cerco ripetizioni di INGE','v.ventura@studenti.unisa.it');
INSERT INTO desidera VALUES ('roberto1998@hotmail.it','Cerco appunti di COC','v.ventura@studenti.unisa.it');
INSERT INTO desidera VALUES ('c.barletta@studenti.unimi.it','Cerco lavoro part-time','francesco.g8@libero.it');
INSERT INTO desidera VALUES ('peppe1997@hotmail.it','Vendo appunti di FIS2','francesco.g8@libero.it');
INSERT INTO desidera VALUES ('amalia@libero.it','Cerco ripetizioni di LSPA','francesco.g8@libero.it'); 
INSERT INTO desidera VALUES ('c.barletta@studenti.unimi.it','Cerco lavoro part-time','giovanni1998@hotmail.it'); 
INSERT INTO desidera VALUES ('eljohn24@libero.com','Vendo libro di LOR','giovanni1998@hotmail.it');
INSERT INTO desidera VALUES ('amalia@libero.it','Cerco ripetizioni di LSPA','giovanni1998@hotmail.it');
INSERT INTO desidera VALUES ('c.barletta@studenti.unimi.it','Passaggio da Melegnano','roberto1998@hotmail.it'); 
INSERT INTO desidera VALUES ('cicciopanza@hotmail.it','Cerco lavoro a Bologna','roberto1998@hotmail.it');
INSERT INTO desidera VALUES ('eljohn24@libero.com','Vendo appunti di LOR','roberto1998@hotmail.it');
INSERT INTO desidera VALUES ('anna17@hotmail.it','Offro lavoro come animatore','marco1998@hotmail.it'); 
INSERT INTO desidera VALUES ('ugoronga@gmail.com','Cerco appunti di NDU','marco1998@hotmail.it');
INSERT INTO desidera VALUES ('cicciopanza@hotmail.it','Cerco lavoro a Bologna','teresa1999@hotmail.it'); 
INSERT INTO desidera VALUES ('armandogallo@studenti.com','Cerco libro di FRC','teresa1999@hotmail.it');
INSERT INTO desidera VALUES ('peppe1997@hotmail.it','Vendo appunti di FIS2','teresa1999@hotmail.it');
INSERT INTO desidera VALUES ('ugoronga@gmail.com','Cerco appartamento a Campobasso','peppe1997@hotmail.it'); 
INSERT INTO desidera VALUES ('teresa1999@hotmail.it','Vendo appunti di TSW','peppe1997@hotmail.it');
INSERT INTO desidera VALUES ('abate.gian.19@hotmail.it','Vendo appunti di MD 2','peppe1997@hotmail.it');
INSERT INTO desidera VALUES ('peppe1997@hotmail.it','Offro passaggio da Oristano (periferia) a Cagliari','giovanna@hotmail.it');
INSERT INTO desidera VALUES ('marco1998@hotmail.it','Offro appartamento a Firenze','giovanna@hotmail.it');
INSERT INTO desidera VALUES ('c.barletta@studenti.unimi.it','Ripetizioni per MMI','anna17@hotmail.it'); 
INSERT INTO desidera VALUES ('francesco.g8@libero.it','Offro lavoro come barista','anna17@hotmail.it');
INSERT INTO desidera VALUES ('ugoronga@gmail.com','Cerco appunti di NDU','anna17@hotmail.it');
INSERT INTO desidera VALUES ('gianni_cerchia@hotmail.it','Offro appartamento a Monte San Giovanni','ugoronga@gmail.com'); 
INSERT INTO desidera VALUES ('giovanni1998@hotmail.it','Cerco lavoro a Perugia','ugoronga@gmail.com');
INSERT INTO desidera VALUES ('abate.gian.19@hotmail.it','Cerco passaggio da Formello a Roma','amalia@libero.it'); 
INSERT INTO desidera VALUES ('mrisi@professore.edu','Offro ripetizioni di CM','amalia@libero.it');
INSERT INTO desidera VALUES ('roberto1998@hotmail.it','Vendo libro di RC','amalia@libero.it');
INSERT INTO desidera VALUES ('cicciopanza@hotmail.it','Cerco lavoro a Bologna','serena00@hotmail.it'); 
INSERT INTO desidera VALUES ('gianni_cerchia@hotmail.it','Offro appartamento a Monte San Giovanni','serena00@hotmail.it');
INSERT INTO desidera VALUES ('mrisi@professore.edu','Offro ripetizioni di CM','serena00@hotmail.it');
INSERT INTO desidera VALUES ('l.carpentieri@studenti.unisa.it','Cerco libro di Programmazione Avanzata Java','abate.gian.19@hotmail.it'); 
INSERT INTO desidera VALUES ('armandogallo@studenti.com','Cerco libro di FRC','abate.gian.19@hotmail.it');
INSERT INTO desidera VALUES ('teresa1999@hotmail.it','Offro passaggio da Catania a Palermo','abate.gian.19@hotmail.it');
INSERT INTO desidera VALUES ('serena00@hotmail.it','Cerco appartamento a Genova','gianni_cerchia@hotmail.it'); 
INSERT INTO desidera VALUES ('francesco.g8@libero.it','Offro lavoro come barista','gianni_cerchia@hotmail.it');
INSERT INTO desidera VALUES ('eljohn24@libero.com','Vendo appunti di LOR','gianni_cerchia@hotmail.it');
INSERT INTO desidera VALUES ('roberto1998@hotmail.it','Vendo libro di RC','cicciopanza@hotmail.it'); 
INSERT INTO desidera VALUES ('l.carpentieri@studenti.unisa.it','Cerco libro di Programmazione Avanzata Java','cicciopanza@hotmail.it');
INSERT INTO desidera VALUES ('serena00@hotmail.it','Cerco appartamento a Genova','cicciopanza@hotmail.it');
INSERT INTO desidera VALUES ('serena00@hotmail.it','Cerco passaggio da Busto Arsizio a Genova','mrisi@professore.edu'); 
INSERT INTO desidera VALUES ('l.carpentieri@studenti.unisa.it','Cerco libro di Programmazione Avanzata Java','mrisi@professore.edu');
INSERT INTO desidera VALUES ('v.ventura@studenti.unisa.it','Ripetizioni per SO','mrisi@professore.edu');
INSERT INTO desidera VALUES ('gianni_cerchia@hotmail.it','Offro appartamento a Monte San Giovanni','armandogallo@studenti.com'); 
INSERT INTO desidera VALUES ('giovanna@hotmail.it','Offro lavoro come bagnino','armandogallo@studenti.com');
INSERT INTO desidera VALUES ('mrisi@professore.edu','Offro ripetizioni di CM','armandogallo@studenti.com');
INSERT INTO desidera VALUES ('amalia@libero.it','Vendo libro di LING','eljohn24@libero.com'); 
INSERT INTO desidera VALUES ('serena00@hotmail.it','Cerco appartamento a Genova','eljohn24@libero.com');
INSERT INTO desidera VALUES ('francesco.g8@libero.it','Offro lavoro come barista','eljohn24@libero.com');

INSERT INTO consegna_in VALUES ('1','UPS','Abruzzo','simonecristiano@live.it');
INSERT INTO consegna_in VALUES ('13','UPS','Basilicata','simonecristiano@live.it');
INSERT INTO consegna_in VALUES ('1','UPS','Calabria','simonecristiano@live.it');
INSERT INTO consegna_in VALUES ('7','UPS','Campania','simonecristiano@live.it');
INSERT INTO consegna_in VALUES ('8','UPS','Emilia-Romagna','simonecristiano@live.it');
INSERT INTO consegna_in VALUES ('0','UPS','Friuli-Venezia Giulia','simonecristiano@live.it');
INSERT INTO consegna_in VALUES ('0','UPS','Lazio','simonecristiano@live.it');
INSERT INTO consegna_in VALUES ('9','UPS','Liguria','simonecristiano@live.it');
INSERT INTO consegna_in VALUES ('15','UPS','Lombardia','simonecristiano@live.it');
INSERT INTO consegna_in VALUES ('14','UPS','Marche','simonecristiano@live.it');
INSERT INTO consegna_in VALUES ('13','UPS','Molise','simonecristiano@live.it');
INSERT INTO consegna_in VALUES ('5','UPS','Piemonte','simonecristiano@live.it');
INSERT INTO consegna_in VALUES ('6','UPS','Puglia','simonecristiano@live.it');
INSERT INTO consegna_in VALUES ('13','UPS','Sardegna','simonecristiano@live.it');
INSERT INTO consegna_in VALUES ('11','UPS','Sicilia','simonecristiano@live.it');
INSERT INTO consegna_in VALUES ('14','UPS','Toscana','simonecristiano@live.it');
INSERT INTO consegna_in VALUES ('15','UPS','Trentino-Alto Adige','simonecristiano@live.it');
INSERT INTO consegna_in VALUES ('6','UPS','Umbria','simonecristiano@live.it');
INSERT INTO consegna_in VALUES ('2','UPS','Valle di Aosta','simonecristiano@live.it');
INSERT INTO consegna_in VALUES ('6','UPS','Veneto','simonecristiano@live.it');
INSERT INTO consegna_in VALUES ('18','GLS','Abruzzo','alessiabarletta21@gmail.com');
INSERT INTO consegna_in VALUES ('1','GLS','Basilicata','alessiabarletta21@gmail.com');
INSERT INTO consegna_in VALUES ('13','GLS','Calabria','alessiabarletta21@gmail.com');
INSERT INTO consegna_in VALUES ('13','GLS','Campania','alessiabarletta21@gmail.com');
INSERT INTO consegna_in VALUES ('1','GLS','Emilia-Romagna','alessiabarletta21@gmail.com');
INSERT INTO consegna_in VALUES ('3','GLS','Friuli-Venezia Giulia','alessiabarletta21@gmail.com');
INSERT INTO consegna_in VALUES ('19','GLS','Lazio','alessiabarletta21@gmail.com');
INSERT INTO consegna_in VALUES ('7','GLS','Liguria','alessiabarletta21@gmail.com');
INSERT INTO consegna_in VALUES ('17','GLS','Lombardia','alessiabarletta21@gmail.com');
INSERT INTO consegna_in VALUES ('12','GLS','Marche','alessiabarletta21@gmail.com');
INSERT INTO consegna_in VALUES ('4','GLS','Molise','alessiabarletta21@gmail.com');
INSERT INTO consegna_in VALUES ('19','GLS','Piemonte','alessiabarletta21@gmail.com');
INSERT INTO consegna_in VALUES ('11','GLS','Puglia','alessiabarletta21@gmail.com');
INSERT INTO consegna_in VALUES ('11','GLS','Sardegna','alessiabarletta21@gmail.com');
INSERT INTO consegna_in VALUES ('6','GLS','Sicilia','alessiabarletta21@gmail.com');
INSERT INTO consegna_in VALUES ('6','GLS','Toscana','alessiabarletta21@gmail.com');
INSERT INTO consegna_in VALUES ('11','GLS','Trentino-Alto Adige','alessiabarletta21@gmail.com');
INSERT INTO consegna_in VALUES ('15','GLS','Umbria','alessiabarletta21@gmail.com');
INSERT INTO consegna_in VALUES ('15','GLS','Valle di Aosta','alessiabarletta21@gmail.com');
INSERT INTO consegna_in VALUES ('16','GLS','Veneto','alessiabarletta21@gmail.com');
INSERT INTO consegna_in VALUES ('18','DHL','Abruzzo','simona@live.it');
INSERT INTO consegna_in VALUES ('17','DHL','Basilicata','simona@live.it');
INSERT INTO consegna_in VALUES ('19','DHL','Calabria','simona@live.it');
INSERT INTO consegna_in VALUES ('10','DHL','Campania','simona@live.it');
INSERT INTO consegna_in VALUES ('0','DHL','Emilia-Romagna','simona@live.it');
INSERT INTO consegna_in VALUES ('0','DHL','Friuli-Venezia Giulia','simona@live.it');
INSERT INTO consegna_in VALUES ('18','DHL','Lazio','simona@live.it');
INSERT INTO consegna_in VALUES ('17','DHL','Liguria','simona@live.it');
INSERT INTO consegna_in VALUES ('5','DHL','Lombardia','simona@live.it');
INSERT INTO consegna_in VALUES ('8','DHL','Marche','simona@live.it');
INSERT INTO consegna_in VALUES ('0','DHL','Molise','simona@live.it');
INSERT INTO consegna_in VALUES ('16','DHL','Piemonte','simona@live.it');
INSERT INTO consegna_in VALUES ('0','DHL','Puglia','simona@live.it');
INSERT INTO consegna_in VALUES ('10','DHL','Sardegna','simona@live.it');
INSERT INTO consegna_in VALUES ('4','DHL','Sicilia','simona@live.it');
INSERT INTO consegna_in VALUES ('8','DHL','Toscana','simona@live.it');
INSERT INTO consegna_in VALUES ('7','DHL','Trentino-Alto Adige','simona@live.it');
INSERT INTO consegna_in VALUES ('7','DHL','Umbria','simona@live.it');
INSERT INTO consegna_in VALUES ('18','DHL','Valle di Aosta','simona@live.it');
INSERT INTO consegna_in VALUES ('18','DHL','Veneto','simona@live.it');
INSERT INTO consegna_in VALUES ('8','SDA','Abruzzo','marika.ap@gmail.it');
INSERT INTO consegna_in VALUES ('15','SDA','Basilicata','marika.ap@gmail.it');
INSERT INTO consegna_in VALUES ('2','SDA','Calabria','marika.ap@gmail.it');
INSERT INTO consegna_in VALUES ('14','SDA','Campania','marika.ap@gmail.it');
INSERT INTO consegna_in VALUES ('4','SDA','Emilia-Romagna','marika.ap@gmail.it');
INSERT INTO consegna_in VALUES ('1','SDA','Friuli-Venezia Giulia','marika.ap@gmail.it');
INSERT INTO consegna_in VALUES ('7','SDA','Lazio','marika.ap@gmail.it');
INSERT INTO consegna_in VALUES ('0','SDA','Liguria','marika.ap@gmail.it');
INSERT INTO consegna_in VALUES ('7','SDA','Lombardia','marika.ap@gmail.it');
INSERT INTO consegna_in VALUES ('3','SDA','Marche','marika.ap@gmail.it');
INSERT INTO consegna_in VALUES ('13','SDA','Molise','marika.ap@gmail.it');
INSERT INTO consegna_in VALUES ('14','SDA','Piemonte','marika.ap@gmail.it');
INSERT INTO consegna_in VALUES ('9','SDA','Puglia','marika.ap@gmail.it');
INSERT INTO consegna_in VALUES ('1','SDA','Sardegna','marika.ap@gmail.it');
INSERT INTO consegna_in VALUES ('0','SDA','Sicilia','marika.ap@gmail.it');
INSERT INTO consegna_in VALUES ('8','SDA','Toscana','marika.ap@gmail.it');
INSERT INTO consegna_in VALUES ('11','SDA','Trentino-Alto Adige','marika.ap@gmail.it');
INSERT INTO consegna_in VALUES ('16','SDA','Umbria','marika.ap@gmail.it');
INSERT INTO consegna_in VALUES ('8','SDA','Valle di Aosta','marika.ap@gmail.it');
INSERT INTO consegna_in VALUES ('14','SDA','Veneto','marika.ap@gmail.it');
INSERT INTO consegna_in VALUES ('4','Poste Italiane','Abruzzo','rocco.22@hotmail.it');
INSERT INTO consegna_in VALUES ('14','Poste Italiane','Basilicata','rocco.22@hotmail.it');
INSERT INTO consegna_in VALUES ('0','Poste Italiane','Calabria','rocco.22@hotmail.it');
INSERT INTO consegna_in VALUES ('11','Poste Italiane','Campania','rocco.22@hotmail.it');
INSERT INTO consegna_in VALUES ('12','Poste Italiane','Emilia-Romagna','rocco.22@hotmail.it');
INSERT INTO consegna_in VALUES ('16','Poste Italiane','Friuli-Venezia Giulia','rocco.22@hotmail.it');
INSERT INTO consegna_in VALUES ('12','Poste Italiane','Lazio','rocco.22@hotmail.it');
INSERT INTO consegna_in VALUES ('16','Poste Italiane','Liguria','rocco.22@hotmail.it');
INSERT INTO consegna_in VALUES ('12','Poste Italiane','Lombardia','rocco.22@hotmail.it');
INSERT INTO consegna_in VALUES ('18','Poste Italiane','Marche','rocco.22@hotmail.it');
INSERT INTO consegna_in VALUES ('14','Poste Italiane','Molise','rocco.22@hotmail.it');
INSERT INTO consegna_in VALUES ('19','Poste Italiane','Piemonte','rocco.22@hotmail.it');
INSERT INTO consegna_in VALUES ('9','Poste Italiane','Puglia','rocco.22@hotmail.it');
INSERT INTO consegna_in VALUES ('13','Poste Italiane','Sardegna','rocco.22@hotmail.it');
INSERT INTO consegna_in VALUES ('16','Poste Italiane','Sicilia','rocco.22@hotmail.it');
INSERT INTO consegna_in VALUES ('6','Poste Italiane','Toscana','rocco.22@hotmail.it');
INSERT INTO consegna_in VALUES ('6','Poste Italiane','Trentino-Alto Adige','rocco.22@hotmail.it');
INSERT INTO consegna_in VALUES ('18','Poste Italiane','Umbria','rocco.22@hotmail.it');
INSERT INTO consegna_in VALUES ('11','Poste Italiane','Valle di Aosta','rocco.22@hotmail.it');
INSERT INTO consegna_in VALUES ('11','Poste Italiane','Veneto','rocco.22@hotmail.it');
